group,n_speeches,anger_mean,disgust_mean,fear_mean,joy_mean,neutral_mean,sadness_mean,surprise_mean
Government,38,0.11129114720480222,0.17514682378570892,0.03004440665245056,0.09266532051505667,0.47801384334697533,0.0647953428867224,0.04804311366445434
Opposition,50,0.1487670368817635,0.11923365170136094,0.06461811322602444,0.08498656762880273,0.396761375144124,0.136052967030555,0.049580292392056434
