group,n_speeches,anger_mean,disgust_mean,fear_mean,joy_mean,neutral_mean,sadness_mean,surprise_mean
Government,37,0.09549503614874305,0.062424430359356305,0.039368160962555056,0.12002751441370393,0.5988342856635919,0.056557404726894724,0.027293161778534587
Opposition,28,0.08481826760440267,0.07215907877045018,0.08858911204151809,0.029402090461059873,0.5524310809892735,0.13358522961581393,0.0390151340439583
