group,n_speeches,anger_mean,disgust_mean,fear_mean,joy_mean,neutral_mean,sadness_mean,surprise_mean
Government,443,0.04544834873460876,0.04251194827213387,0.033881124505643366,0.13336726844060587,0.6168394037017821,0.06610076458342626,0.061851140071478156
Opposition,106,0.05024502745319931,0.04227117791262297,0.028130380141346733,0.10824421983989799,0.6588656942816978,0.07069938602628854,0.04154411574083222
