group,n_speeches,anger_mean,disgust_mean,fear_mean,joy_mean,neutral_mean,sadness_mean,surprise_mean
Government,54,0.04017044602315528,0.04863277850758836,0.015608947731649366,0.10237239084327249,0.7228912925261453,0.03502050846711629,0.035303626407834666
Opposition,45,0.05395587235689163,0.09288310217671096,0.029618810694147315,0.056464611030080256,0.6797911959389845,0.026355168683868314,0.06093124246949123
