group,n_speeches,anger_mean,disgust_mean,fear_mean,joy_mean,neutral_mean,sadness_mean,surprise_mean
Government,37,0.059210264306465116,0.11324168230104889,0.048070552090271,0.2192669252808382,0.46341749222798123,0.02953376862019099,0.06725931637826048
Opposition,158,0.10489710630433445,0.1095519536071681,0.08984667242484763,0.06993305724397113,0.49036872124629494,0.09636662895069163,0.039035864808019016
