group,n_speeches,anger_mean,disgust_mean,fear_mean,joy_mean,neutral_mean,sadness_mean,surprise_mean
Government,141,0.12637233341125942,0.06620351471839116,0.05671671555783758,0.07127333823459368,0.5937444488683068,0.05999503706099717,0.025694616800273195
Opposition,129,0.07786286757065908,0.1044604111252562,0.05729223534648935,0.10280311024385007,0.5397392058196341,0.0715055965652415,0.04633657015316809
